question_id,ideal_answer,must_include,must_not_include,human_support_needed
G06_Q001,"Weekly study plans have been shown to significantly improve student performance in developmental mathematics courses by promoting consistent and structured study habits. In a study conducted by Diehl and Bobak, students who used weekly study plans earned higher average grades across all exams and overall course grades compared to a control group. These plans encourage daily review of material, which helps reinforce learning, improve retention of foundational concepts, and reduce the tendency to cram before exams. By breaking down study tasks into manageable daily activities, students are better prepared to master complex mathematical concepts over time rather than relying on last-minute studying.","Weekly study plans promote daily review, reinforcing learning and retention of material.; Students using study plans earned higher average grades on exams and overall course performance.; Structured planning reduces procrastination and discourages cramming before exams.",diagnosis; medication; therapy instructions; guarantees,no
G06_Q002,"Time management is a critical factor in student success because many students enter college unprepared for the increased workload and lack the organizational skills needed to balance academic demands. In developmental math courses, poor time management can exacerbate difficulties, as students often struggle with foundational concepts that require consistent practice. Research by Meer, Jansen, and Torenbeek (2010) found that students recognized the need for more study time but failed to create actionable plans, leading to procrastination. Effective time management, such as using weekly study plans, helps students allocate dedicated study time, prioritize tasks, and avoid last-minute cramming, which is particularly ineffective for long-term retention in math.","Many students lack the time management skills needed to handle college-level workloads.; Procrastination is common due to poor organizational habits and lack of planning.; Developmental math requires consistent practice, making time management essential for success.",diagnosis; medication; therapy instructions; guarantees,no
G06_Q003,"Short-term planning and goal-setting are effective strategies for overcoming procrastination because they break down overwhelming tasks into manageable steps. Research by Nasrullah and Khan (2015) found a positive correlation between short-term planning and student grades, as it helps students prioritize responsibilities and create actionable to-do lists. Setting daily or weekly goals allows students to focus on immediate tasks rather than feeling daunted by long-term objectives. Additionally, constructing study plans with specific activities, such as reviewing five homework problems daily, provides a clear roadmap for progress. This approach reduces anxiety and increases motivation by making tasks feel achievable and structured.","Short-term planning breaks tasks into manageable steps, reducing overwhelm.; Goal-setting helps students prioritize responsibilities and stay focused.; Daily or weekly study plans provide a clear roadmap for progress.",diagnosis; medication; therapy instructions; guarantees,no
G06_Q004,"Weekly study plans address poor retention in developmental mathematics by encouraging daily engagement with course material, which reinforces learning and prevents forgetting. In the study by Diehl and Bobak, students who used study plans were required to review mathematical concepts regularly, such as selecting five homework problems from previous sections to practice each day. This distributive practice, as recommended by Dunlosky (2013), is far more effective for long-term retention than cramming. By consistently revisiting foundational concepts, students strengthen their understanding and are better prepared to learn new material. The structured nature of study plans also ensures that students do not neglect review sessions, which are critical for retaining information in math courses.",Daily review through study plans reinforces learning and prevents forgetting.; Distributive practice is more effective for retention than last-minute cramming.; Regular engagement with foundational concepts prepares students for new material.,diagnosis; medication; therapy instructions; guarantees,no
G06_Q005,"The weekly study plans in Diehl and Bobak’s research included a structured approach to daily math engagement. Students were required to plan two learning activities each weekday and one activity each weekend day. They began by scheduling nonnegotiable tasks, such as homework assignments or online videos, followed by review activities. For upcoming quizzes or exams, students selected five homework problems from relevant sections to practice. If no assessments were scheduled, they chose five problems from sections they struggled with or had not reviewed recently. This approach ensured that students consistently reinforced current learning, revisited challenging material, and prepared for assessments in a manageable way.","Students planned two learning activities per weekday and one per weekend day.; Nonnegotiable tasks (e.g., homework) were scheduled first.; Review activities included practicing five problems from upcoming quizzes or exams.",diagnosis; medication; therapy instructions; guarantees,no
G06_Q006,"Diehl and Bobak’s study found that weekly study plans significantly improved student performance in developmental mathematics courses. The experimental group, which used study plans, earned higher average grades on all exams and overall course grades compared to the control group. The study also highlighted that students who engaged in daily review through study plans retained foundational concepts better, reducing struggles with new material. Additionally, the structured nature of the plans helped students develop consistent study habits, which are critical for success in math. The findings suggest that weekly study plans are an effective tool for addressing both cognitive and affective barriers to student achievement in developmental courses.",Students using study plans earned higher average grades on exams and overall course performance.; Daily review improved retention of foundational concepts.; Structured plans helped students develop consistent study habits.,diagnosis; medication; therapy instructions; guarantees,no
G06_Q007,"Creating an effective weekly study plan for mathematics involves breaking down study tasks into manageable daily activities while prioritizing consistency and review. Start by scheduling nonnegotiable tasks, such as homework assignments or required online videos, to ensure they are completed on time. Next, identify upcoming quizzes or exams and select five practice problems from relevant sections to review daily. If no assessments are scheduled, choose five problems from sections you found challenging or haven’t reviewed recently. Aim to engage with math daily, including weekends, to reinforce learning. Finally, submit or review your plan at the start of each week to stay accountable and adjust as needed. This approach ensures regular practice, reduces procrastination, and improves retention.","Schedule nonnegotiable tasks (e.g., homework) first to ensure completion.; Review five practice problems daily from upcoming quizzes or exams.; If no assessments are scheduled, review problems from challenging sections.",diagnosis; medication; therapy instructions; guarantees,no
G06_Q008,"Students in developmental mathematics courses often face challenges such as poor high school preparation, lack of time management skills, and difficulty retaining foundational concepts. Many students enter college unprepared for the workload and struggle with organizational skills, leading to procrastination and cramming. Study plans address these challenges by providing a structured approach to daily review, which reinforces learning and improves retention. By breaking down study tasks into manageable activities, such as reviewing five problems daily, students can build confidence and consistency. Additionally, study plans help students prioritize responsibilities and develop effective study habits, reducing the tendency to procrastinate and improving overall performance in math courses.","Common challenges include poor preparation, time management issues, and retention difficulties.; Study plans provide structure for daily review, reinforcing learning and retention.; Breaking tasks into manageable activities builds confidence and consistency.",diagnosis; medication; therapy instructions; guarantees,no
G06_Q009,"Learning and study strategies refer to a set of behaviors, actions, attitudes, or ways of thinking that help students effectively encode, integrate, and retrieve new information. These strategies facilitate the combination of new knowledge with prior knowledge, ensuring it can be accessed when needed. They are crucial because they empower students to become self-reliant, independent learners who can monitor their own progress, use appropriate strategies for different tasks, and take responsibility for their success. By adopting these strategies, students enhance their self-confidence, motivation, and ability to manage time and resources, ultimately leading to improved academic achievement and long-term learning success.","Learning and study strategies are behaviors and thought processes that aid in encoding and retrieving information.; They help students integrate new knowledge with existing knowledge for better retention.; These strategies foster self-regulation, independence, and responsibility in learners.",diagnosis; medication; therapy instructions; guarantees,no
G06_Q010,"The study found that learning and study strategies have a significant positive impact on academic achievement. High-achieving students tend to use strategies such as motivation, self-testing, test strategies, and effective use of academic resources more consistently than low-achieving students. The research revealed statistically significant differences in several dimensions of learning strategies—including attitudes, concentration, information processing, and motivation—in favor of students with higher achievement levels. These strategies help students process information more effectively, manage anxiety, and stay focused, which directly contributes to better academic outcomes. Thus, mastering these strategies is key to improving performance in university settings.","High-achieving students use learning and study strategies more effectively than low-achieving students.; Strategies like motivation, self-testing, and test strategies are strongly linked to higher academic achievement.; Statistically significant differences exist in strategy use across achievement levels.",diagnosis; medication; therapy instructions; guarantees,no
G06_Q011,"Self-regulation is a cornerstone of effective learning and study strategies. It involves the ability of students to monitor their own learning processes, manage their time, set goals, and adjust their strategies based on feedback and outcomes. The study highlights that self-regulation enables students to become proactive and strategic learners who can take responsibility for their academic success. High-achieving students demonstrate stronger self-regulation skills, such as time management, motivation, and the ability to use academic resources effectively. Self-regulation also helps students build confidence, reduce anxiety, and maintain focus, which are critical for long-term academic success and personal development.","Self-regulation involves monitoring and managing one's own learning process.; It includes skills like time management, goal-setting, and strategy adjustment.; High-achieving students exhibit stronger self-regulation abilities.",diagnosis; medication; therapy instructions; guarantees,no
G06_Q012,"The Learning and Study Strategies Inventory (LASSI-3) assesses multiple dimensions of learning and study strategies, which are critical for academic success. These dimensions include Attitudes, Concentration, Information Processing, Motivation, Self-Testing, Test Strategies, Using Academic Resources, Anxiety, Selecting Main Ideas, and Time Management. Each dimension evaluates a specific aspect of a student's approach to learning, such as their ability to focus, process information, manage time, and utilize resources effectively. The study used LASSI-3 to analyze how these dimensions vary across achievement levels, academic years, college types, and gender, providing insights into which strategies are most strongly associated with high academic performance.","LASSI-3 evaluates 10 key dimensions of learning and study strategies.; Dimensions include Attitudes, Concentration, Information Processing, and Motivation.; Other dimensions are Self-Testing, Test Strategies, Using Academic Resources, and Anxiety.",diagnosis; medication; therapy instructions; guarantees,no
G06_Q013,"The study found notable differences in the use of learning and study strategies between high-achieving and low-achieving students. High achievers tend to excel in dimensions such as Attitudes, Concentration, Information Processing, Motivation, Self-Testing, Test Strategies, and Using Academic Resources. These students are more proactive in managing their learning, setting goals, and utilizing resources effectively. In contrast, low-achieving students often struggle with motivation, time management, and self-regulation, relying more on basic strategies like information processing and self-testing. The research highlights that high achievers are better at integrating new information, staying focused, and applying test-taking strategies, which contribute to their superior academic performance.","High achievers use strategies like motivation, self-testing, and test strategies more effectively.; They excel in concentration, information processing, and using academic resources.; Low achievers often struggle with motivation and time management.",diagnosis; medication; therapy instructions; guarantees,no
G06_Q014,"The study offers several recommendations to enhance students' learning and study strategies. First, it emphasizes the need to educate students about the importance of these strategies, particularly self-regulation skills, to help them become more independent and effective learners. Second, it suggests training faculty members, counselors, and parents to understand and teach these strategies, ensuring they can support students in applying them during the learning process. Additionally, the study recommends integrating learning and study strategies into educational programs to foster a culture of strategic learning. By raising awareness and providing targeted training, students can develop the skills necessary to improve their academic performance and long-term success.","Educate students about the importance of learning and study strategies.; Focus on self-regulation skills to promote independence in learning.; Train faculty, counselors, and parents to support students in using these strategies.",diagnosis; medication; therapy instructions; guarantees,no
G06_Q015,"The study found no statistically significant differences in the use of learning and study strategies based on gender. This means that, according to the research, male and female undergraduate students exhibit similar patterns in their approach to learning and study strategies. While other factors such as achievement level, academic year, and type of college showed significant variations in strategy use, gender did not emerge as a distinguishing factor. This suggests that both male and female students can benefit equally from targeted interventions aimed at improving learning and study strategies, as their needs and challenges in this area are comparable.",The study found no significant differences in strategy use based on gender.; Male and female students exhibit similar learning and study behaviors.; Gender is not a distinguishing factor in the effectiveness of study strategies.,diagnosis; medication; therapy instructions; guarantees,no
G06_Q016,"The study revealed statistically significant differences in learning and study strategies between students in scientific and non-scientific (e.g., humanities) colleges. Specifically, students in scientific colleges demonstrated stronger strategies in five key dimensions: Anxiety, Concentration, Motivation, Selecting Main Ideas, and Test Strategies. These findings suggest that the nature of scientific disciplines, which often require rigorous analytical skills, problem-solving, and hands-on application, may foster the development of more effective study strategies. In contrast, students in non-scientific colleges may rely on different approaches that are less aligned with the dimensions measured by LASSI-3, highlighting the need for tailored interventions based on academic discipline.","Students in scientific colleges show stronger strategies in Anxiety, Concentration, and Motivation.; They also excel in Selecting Main Ideas and Test Strategies.; The demands of scientific disciplines may encourage more effective study habits.",diagnosis; medication; therapy instructions; guarantees,no
G06_Q017,"The study highlights a strong positive relationship between motivation and academic achievement among undergraduate students. Motivation emerged as one of the key dimensions where high-achieving students significantly outperformed their lower-achieving peers. Motivated students are more likely to set goals, persist in their efforts, and engage deeply with learning materials, which directly enhances their academic performance. The research also found that motivation levels varied across academic years, with graduates demonstrating higher motivation in learning and study strategies. This underscores the importance of fostering motivation as a critical component of academic success, as it drives students to adopt effective study habits and maintain focus on their educational goals.","Motivation is strongly linked to higher academic achievement.; High-achieving students exhibit significantly higher motivation levels.; Motivation drives goal-setting, persistence, and engagement in learning.",diagnosis; medication; therapy instructions; guarantees,no
G06_Q018,"Time management is a critical factor influencing academic achievement among undergraduate students. The study found that effective time management is strongly associated with higher academic performance, particularly in dimensions such as Selecting Main Ideas, Using Academic Resources, and Test Strategies. Students who manage their time well are better able to organize their study schedules, prioritize tasks, and allocate sufficient time for learning and revision. This leads to improved information processing, reduced procrastination, and greater overall productivity. The research also noted that time management skills contribute significantly to academic success in both scientific and literary disciplines, though their impact may vary slightly depending on the field of study. Developing strong time management habits is therefore essential for students aiming to achieve academic excellence.",Time management is strongly linked to higher academic achievement.; It helps students organize study schedules and prioritize tasks effectively.; Effective time management reduces procrastination and enhances productivity.,diagnosis; medication; therapy instructions; guarantees,no
G06_Q019,"Creating a study plan is essential because it helps you achieve four key outcomes: better grades, a more enjoyable college experience, reduced stress and anxiety, and the ability to stay on track with your long-term dreams. Without a plan, the freedom of college can disrupt the discipline you had in high school, leading to poor time management and academic struggles. A well-structured study plan ensures you stay organized, efficient, and in control of both your academic and social life, just as professionals use plans to complete projects successfully.","A study plan improves grades and reduces stress by providing structure.; It helps balance academic and social life, making college more enjoyable.; Without a plan, students often struggle with time management and self-discipline.",diagnosis; medication; therapy instructions; guarantees,no
G06_Q020,"The authors promise that following a study plan will lead to better grades with less stress, more time for friends, and the ability to never give up on your dreams. A study plan acts as a guide for one of the most important projects of your life—your education. By carefully considering your time, workload, and study habits, you create a routine that reduces anxiety and puts you in control. The plan becomes a natural part of your life, ensuring academic success while allowing time for fun and personal growth.",Better grades with reduced stress and anxiety.; More free time for social activities and personal interests.; A structured routine that prevents academic burnout.,diagnosis; medication; therapy instructions; guarantees,no
G06_Q021,"The author transformed from a struggling high school student to a near-perfect college graduate by adopting a disciplined and structured approach to studying. He created a tight schedule, blocked out distractions, and organized his tasks with clear routines. He used specific study methods, such as effective note-taking and textbook reading strategies, which made reviewing material easier. By planning his time carefully and maintaining a sense of urgency, he avoided cramming for exams and always had time for fun and unexpected events. His mindset shifted from indifference to a genuine love for learning.",Created a strict schedule and eliminated distractions.; Organized tasks with clear routines for efficiency.; Used effective study methods like note-taking and textbook strategies.,diagnosis; medication; therapy instructions; guarantees,no
G06_Q022,"The Pareto Principle, or the 80/20 Rule, suggests that 20% of study strategies yield 80% of the results. The authors focus on this principle to provide simple, practical, and high-impact advice that addresses the most common problems students face. Instead of overwhelming students with complex techniques like memory methods or speed reading, the guide emphasizes actionable steps—such as time management, task organization, and avoiding distractions—that deliver the best outcomes for the effort invested. This approach ensures students see immediate improvements without unnecessary complexity.","20% of study strategies produce 80% of academic results.; Focuses on simple, practical, and high-impact techniques.; Avoids overwhelming students with complex or unnecessary methods.",diagnosis; medication; therapy instructions; guarantees,no
G06_Q023,"Grades in college have long-term consequences that extend far beyond the classroom. Companies like Google use GPA as a primary filter to narrow down job applicants, often setting strict thresholds (e.g., a 3.6 GPA) to avoid wasting time on unqualified candidates. A lower GPA can exclude you from opportunities at top companies, limiting your career prospects from the start. Additionally, your GPA is cumulative, meaning one bad semester can be difficult to recover from. Good grades open doors to better job opportunities, higher salaries, and career advancement, making them critical to your future success.","Top companies use GPA as a filter for job applications.; A lower GPA can exclude you from competitive job opportunities.; GPA is cumulative, so poor performance in one semester is hard to recover from.",diagnosis; medication; therapy instructions; guarantees,no
G06_Q024,"A seemingly small difference in GPA, such as 0.1 point, can create a massive gap in opportunities. For example, a 3.6 GPA might qualify you for interviews at top companies, while a 3.5 GPA could exclude you entirely. This difference affects your first job, which in turn influences your second job and career trajectory. Starting at a prestigious company or in a high-paying role sets you up for long-term success, while a lower starting point can limit your growth. Over time, this gap widens, affecting your earning potential, job satisfaction, and professional network. Striving for the highest possible GPA in every class is essential to maximizing your opportunities.",A 0.1 GPA difference can exclude you from top job opportunities.; Your first job quality dictates future career prospects.; Higher GPAs lead to better starting positions and long-term success.,diagnosis; medication; therapy instructions; guarantees,no
G06_Q025,"A study plan is more comprehensive than a to-do list or calendar because it addresses not just *what* needs to be done but also *when, where, why, and how* tasks will be completed. While tools like iCal or Google Calendar help track deadlines, they lack the structure needed to manage workloads effectively. A real study plan considers your available time, task priorities, and study methods, ensuring you stay organized and efficient. It also accounts for potential distractions and provides a framework for continuous improvement, making it a proactive tool for academic success rather than a reactive one.","A study plan covers *when, where, why, and how* tasks will be done, not just *what*.; To-do lists and calendars lack the structure for effective workload management.; A study plan considers time availability, task priorities, and study methods.",diagnosis; medication; therapy instructions; guarantees,no
G06_Q026,"A real study plan includes several critical components: assessing your available time, identifying what needs to be done, estimating how long tasks will take, and determining whether you can complete them on time. It also involves planning *when* and *where* you will study, *how* you will approach tasks, and *how* you will avoid distractions. The guide emphasizes that a study plan should be goal-oriented, with clear start dates and deadlines, just like any other project. By addressing these elements, you create a structured approach that ensures academic success and reduces stress.",Assess available time and task requirements.; Estimate task duration and feasibility of completion.; Plan *when* and *where* you will study.,diagnosis; medication; therapy instructions; guarantees,no
G06_Q027,"Avoiding distractions requires a combination of proactive planning and discipline. The guide suggests setting up a tight schedule that designates specific times for studying, ensuring nothing interrupts these blocks. Choose a study location that minimizes interruptions, such as a quiet library or a dedicated workspace. Additionally, adopt study methods that keep you engaged, such as active note-taking or breaking tasks into smaller, manageable chunks. By creating a routine and sticking to it, you train your brain to focus during study sessions, making it easier to resist distractions over time.","Set a strict schedule with designated study times.; Choose a quiet, interruption-free study location.; Use active study methods to maintain engagement.",diagnosis; medication; therapy instructions; guarantees,no
G06_Q028,"Effective note-taking is a cornerstone of academic success. The guide recommends adopting methods that make reviewing material easier, such as the Cornell Notes system or outlining key points during lectures. Focus on capturing main ideas, examples, and questions rather than transcribing everything word-for-word. After class, review and organize your notes to reinforce learning. Additionally, use abbreviations and symbols to save time, and highlight or underline critical information. By taking notes in a structured and active way, you create a valuable resource for exam preparation and long-term retention.","Use structured methods like Cornell Notes or outlining.; Focus on main ideas, examples, and questions during lectures.; Review and organize notes after class to reinforce learning.",diagnosis; medication; therapy instructions; guarantees,no
G06_Q029,"Studying for exams without cramming requires consistent effort and strategic planning. The guide emphasizes the importance of starting early and breaking study sessions into manageable chunks. Use active study techniques, such as self-quizzing, summarizing material in your own words, and teaching concepts to others. Review notes regularly to reinforce learning and identify areas of weakness. Additionally, create a study schedule that allocates time for each subject, ensuring you cover all material before the exam. By staying organized and disciplined, you can avoid last-minute stress and retain information more effectively.",Start studying early and break sessions into manageable chunks.; Use active study techniques like self-quizzing and summarizing.; Review notes regularly to reinforce learning.,diagnosis; medication; therapy instructions; guarantees,no
G06_Q030,"Turning your study plan into a habit requires consistency and intentionality. Start by setting clear, achievable goals and integrating study sessions into your daily routine. Use tools like planners or apps to track progress and hold yourself accountable. The guide suggests creating a study environment that minimizes distractions and signals to your brain that it’s time to focus. Over time, repetition will reinforce the habit, making it feel like a natural part of your day. Additionally, reward yourself for sticking to the plan to reinforce positive behavior and maintain motivation.","Set clear, achievable goals for your study sessions.; Integrate study time into your daily routine.; Use planners or apps to track progress and stay accountable.",diagnosis; medication; therapy instructions; guarantees,no
G06_Q031,"If you’re struggling with coursework, the guide recommends taking a proactive approach to identify and address the root causes. Start by assessing whether you’re managing your time effectively and prioritizing tasks. Seek help early from professors, teaching assistants, or tutoring services to clarify difficult concepts. Break tasks into smaller, manageable steps to avoid feeling overwhelmed. Additionally, review your study methods to ensure they align with your learning style. If necessary, adjust your study plan to allocate more time for challenging subjects. Persistence and a willingness to seek support are key to overcoming academic struggles.","Assess time management and task prioritization.; Seek help from professors, TAs, or tutoring services early.; Break tasks into smaller, manageable steps.",diagnosis; medication; therapy instructions; guarantees,no
G06_Q032,"Staying motivated to follow your study plan requires a combination of goal-setting, self-awareness, and positive reinforcement. Start by reminding yourself of the long-term benefits of academic success, such as better career opportunities and personal fulfillment. Break your study plan into smaller milestones and celebrate progress along the way. The guide also suggests surrounding yourself with supportive peers or study groups to maintain accountability. Additionally, reflect on the progress you’ve made and the improvements in your grades or understanding of material. Success breeds motivation, so focus on the positive outcomes of your efforts.",Remind yourself of the long-term benefits of academic success.; Break your study plan into smaller milestones and celebrate progress.; Surround yourself with supportive peers or study groups.,diagnosis; medication; therapy instructions; guarantees,no
G06_Q033,"A study plan is an organized schedule that integrates a student’s academic, professional, social, and personal commitments, helping them prioritize tasks and manage time effectively. It is not about studying all the time but rather about creating a flexible structure that adapts to changing needs and events. A well-designed study plan reduces stress, helps achieve academic goals, balances commitments, increases productivity, and ensures priority tasks are completed. By providing a clear roadmap, it allows students to make efficient decisions about how to use their time for what matters most to them.","A study plan is an organized schedule incorporating academic, professional, social, and personal commitments.; It helps prioritize tasks, reduce stress, and achieve academic goals.; Study plans are flexible and adaptable to changing needs and events.",diagnosis; medication; therapy instructions; guarantees,no
G06_Q034,"Setting realistic academic goals begins with self-reflection and honesty about your current performance and aspirations. Start by determining the grades you want to earn in each course and the sessional or cumulative GPA you aim to achieve by the end of the semester. Tools like the UTM CGPA Calculator can help estimate your GPA based on anticipated performance. Additionally, consider the skills you want to develop through your courses and how your performance aligns with your program and career pathways. It’s important to be realistic and recognize that goals may evolve as the semester progresses, so flexibility is key.",Identify target grades for each course and desired GPA for the semester.; Use tools like the UTM CGPA Calculator to estimate your GPA.; Reflect on skills you want to develop and how they align with your career goals.,diagnosis; medication; therapy instructions; guarantees,no
G06_Q035,"Reflecting on how you study best involves evaluating your study environment, habits, and personal preferences to optimize productivity. Consider where you study most effectively, such as at home, the library, or a campus food court. Determine how often you need study breaks and their ideal duration, such as a 15-minute break every hour. Additionally, assess the times of day when you are most alert and productive, such as your preferred morning start time or how late you can study effectively at night. It’s also important to align your study schedule with recommended sleep guidelines, as adequate rest is critical for cognitive function and overall well-being.","Identify your ideal study location (e.g., home, library, or campus spaces).; Determine the frequency and duration of study breaks for optimal focus.; Assess your most productive times of day for studying.",diagnosis; medication; therapy instructions; guarantees,no
G06_Q036,"Creating a one-month calendar for academic deadlines involves mapping out all your assessments and important dates to visualize your semester. Start by using a blank one-month calendar for each month of the term. Gather all your course outlines and highlight key assessment due dates, such as tests, assignments, lab reports, and presentations, along with their weighted values. Next, identify important academic dates, such as the last day to drop a course, final exam dates, and study breaks, using resources like your university’s registrar office website. Finally, mark all these dates on your monthly calendars to create a clear overview of your academic commitments for the semester.","Use a blank one-month calendar for each month of the term.; Highlight all assessment due dates and their weighted values from course outlines.; Identify important academic dates (e.g., drop deadlines, exam periods) from official sources.",diagnosis; medication; therapy instructions; guarantees,no
G06_Q037,"Breaking down large assignments into manageable steps involves identifying the smaller tasks required to complete the project and setting realistic deadlines for each. For example, a research paper typically includes steps like conducting research, creating an outline, writing a draft, and completing revisions. Assign specific due dates for each component to avoid last-minute rushes and ensure steady progress. Tools like the University of Toronto Scarborough’s Assignment Calculator can help automate this process by generating a task breakdown based on your start and end dates. This approach not only makes large assignments less overwhelming but also improves time management and the quality of your work.","Identify smaller tasks required to complete a large assignment (e.g., research, outline, draft).; Set realistic due dates for each component of the assignment.; Use tools like the Assignment Calculator to automate task breakdowns.",diagnosis; medication; therapy instructions; guarantees,no
G06_Q038,"Creating a weekly study calendar involves integrating all your commitments—academic, professional, social, and personal—into a two-week plan to ensure balance and productivity. Start by using a blank two-week calendar and block in all recurring activities, such as classes, work, meals, commutes, and exercise. Next, add variable activities like office hours, meetings, or social events. Highlight the remaining available time and allocate it for studying, considering the location and type of work that fits each time slot. Schedule breaks to reduce stress and maintain well-being. This approach helps you stay on top of current tasks while preparing for future deadlines, ensuring a balanced and sustainable study routine.","Use a two-week calendar to balance current and upcoming tasks.; Block in recurring activities (e.g., classes, work, meals) first.; Add variable activities (e.g., meetings, social events) to the calendar.",diagnosis; medication; therapy instructions; guarantees,no
G06_Q039,"The study planner guide provides a structured approach to organizing your weekly schedule by breaking down your time into study, work, personal, and other commitments. Start by filling out the 'Weekly Schedule' template, allocating specific hours for each module, work, family time, exercise, and rest. Ensure you balance your study sessions with other responsibilities, and use the provided time slots to plan each day meticulously. This method helps you visualize your week, ensuring you dedicate sufficient time to each task while maintaining a healthy work-life-study balance.","Use the 'Weekly Schedule' template to allocate time for study, work, and personal activities.; Balance study sessions with other commitments to avoid burnout.; Plan each day in hourly slots to ensure all tasks are accounted for.",diagnosis; medication; therapy instructions; guarantees,no
G06_Q040,"To complete the 'Module Content Planner' effectively, begin by thoroughly reading your tutorial letters and highlighting the key module content. Next, gather all prescribed, recommended, and necessary study materials. Review your weekly schedule to identify available study times and align them with assignment due dates and exam periods. Finally, allocate specific sections of work to each study session, ensuring you cover content well in advance of deadlines. This proactive approach helps you stay organized and reduces last-minute stress.","Read tutorial letters and highlight essential module content.; Source all required study materials (books, articles, notes).; Align study sessions with assignment due dates and exam periods.",diagnosis; medication; therapy instructions; guarantees,no
G06_Q041,"The 'Time Management Matrix' is a tool designed to help you prioritize tasks based on their urgency and importance. It categorizes activities into four quadrants: urgent and important, important but not urgent, urgent but not important, and neither urgent nor important. By using this matrix, you can focus on high-priority tasks, such as studying for upcoming exams or completing assignments, while minimizing time spent on less critical activities. This method enhances productivity and ensures you allocate your time wisely.",Categorize tasks into four quadrants based on urgency and importance.; Focus on tasks that are both urgent and important first.; Minimize time spent on activities that are neither urgent nor important.,diagnosis; medication; therapy instructions; guarantees,no
G06_Q042,"The 'Consolidated Assignment List' serves as a centralized tracker for all your assignments across different modules. It allows you to record key details such as the module code, assignment number, type, weighting, due date, and result. By maintaining this list, you can monitor deadlines, prioritize tasks, and ensure no assignment is overlooked. This tool is particularly useful for students managing multiple modules, as it provides a clear overview of all academic responsibilities in one place.","Track all assignments in one centralized location.; Record module code, assignment type, weighting, and due dates.; Prioritize tasks based on deadlines and weightings.",diagnosis; medication; therapy instructions; guarantees,no
G06_Q043,"To determine how much time to allocate to each module, start by assessing the number of credits each module carries, as this often correlates with the workload. Next, evaluate your total available study time per week and divide it proportionally based on the module credits and complexity. For example, a module with more credits or challenging content may require additional study hours. The 'Studies Overview' section of the guide provides a template to help you calculate and balance your study time effectively.",Assess the number of credits for each module to gauge workload.; Divide your total available study time proportionally among modules.; Allocate more time to modules with higher credits or complexity.,diagnosis; medication; therapy instructions; guarantees,no
G06_Q044,"The 'Module Overview' section is designed to compile all essential information about a specific module in one place. You should include details such as the module code and name, lecturer information (name, contact number, and email address), and a list of resources like prescribed books, journal articles, recommended readings, tutorial letters, and study guides. This section acts as a quick reference for all module-related information, helping you stay organized and prepared for your studies.","Record the module code and name for easy reference.; Include lecturer contact details for communication.; List all prescribed and recommended resources (books, articles, notes).",diagnosis; medication; therapy instructions; guarantees,no
G06_Q045,"An effective 7-day study plan begins with evaluating what you already know and identifying gaps in your understanding. On Day 7, assess the material, create a study checklist, and organize your schedule for the week. Focus on creating study materials like flashcards and study guides on Day 6, prioritizing topics you find challenging. As you progress, make connections between concepts, teach the material to others, and test yourself using practice questions or mock exams. By Day 2, reflect on your challenges and revisit difficult topics while simulating the test environment. Finally, on Day 1, consolidate your knowledge, prioritize rest, and mentally prepare for the exam by replicating test conditions.","Start by evaluating what you know and identifying gaps in your understanding.; Create study materials like flashcards and study guides, focusing on challenging topics first.; Make connections between concepts and teach the material to reinforce learning.",diagnosis; medication; therapy instructions; guarantees,no
G06_Q046,"Active learning techniques are essential for deepening your understanding and retention of material. During your study plan, focus on summarizing key points in your own words, drawing diagrams or figures from memory, and synthesizing notes from lectures, readings, and labs. Teaching the material to study partners or groups is another powerful technique, as it helps identify gaps in your knowledge. Additionally, testing yourself with practice questions, explaining problem-solving steps aloud, and creating concept maps to connect different topics can reinforce learning. These methods encourage engagement with the material rather than passive review, leading to better recall during exams.",Summarize key points in your own words to reinforce understanding.; Draw diagrams or figures from memory to visualize concepts.; Teach the material to others to identify knowledge gaps.,diagnosis; medication; therapy instructions; guarantees,no
G06_Q047,"Time allocation during your 7-day study plan should be strategic and balanced. On Day 7, spend time evaluating what you know and organizing your study schedule. Days 6 and 5 should focus on creating study materials and making connections between concepts, with an emphasis on challenging topics. Use the 80/20 rule on Day 4, dedicating 80% of your time to new or difficult material and 20% to reviewing what you already know. Days 3 and 2 should prioritize self-testing, mixing old and new content to reinforce retention. On Day 1, consolidate your knowledge, prioritize rest, and simulate the test environment. This structured approach ensures you cover all material while avoiding last-minute cramming.",Day 7: Evaluate knowledge gaps and organize your study schedule.; Days 6-5: Create study materials and focus on challenging topics.; Day 4: Use the 80/20 rule to balance new and old material.,diagnosis; medication; therapy instructions; guarantees,no
G06_Q048,"Establishing and maintaining a new study routine involves creating habits that align with your productivity and personal goals. Start by identifying a space where you feel most focused, such as a library or study room, as this sets the tone for concentration. Develop a realistic study schedule that fits into your daily life, such as studying after the gym or at a consistent time each day. Finally, find intrinsic or extrinsic rewards for sticking to the routine, such as feeling less stressed or enjoying time with friends afterward. According to Duhigg (2012), the habit loop of cue, routine, and reward is critical for sustaining long-term habits.",Choose a productive study space that minimizes distractions.; Create a realistic and consistent study schedule.; Identify a meaningful reward to reinforce the habit.,diagnosis; medication; therapy instructions; guarantees,no
G06_Q049,"Creating an effective weekly study plan helps you stay organized and manage your time efficiently. Begin by writing the days of the week across the top row of a planner or digital calendar. In the first column, list your classes, extracurricular activities, and other fixed commitments. Next, allocate specific time blocks for studying, ensuring you account for breaks and flexibility. Review your plan daily and adjust tasks as needed to accommodate unexpected changes. Crossing off completed tasks provides a visual sense of progress and keeps you motivated. This structured approach ensures you stay on track with your academic goals.",Write the days of the week across the top of your planner.; List classes and extracurricular activities in the first column.; Allocate specific study time blocks for each day.,diagnosis; medication; therapy instructions; guarantees,no
G06_Q050,"Common distractions while studying include physical discomforts like hunger or thirst, exhaustion from lack of sleep, and digital interruptions such as phones, laptops, and social media. Loud or chaotic environments can also hinder focus. To minimize these distractions, start by putting your phone and laptop on 'Do Not Disturb' mode while studying. Use headphones or earplugs in noisy spaces, and seek out quiet areas on or off campus. Bring snacks and water to avoid disruptions, and consider using hard copies of materials instead of digital ones. Implementing timed study breaks can also help maintain focus and productivity. Research shows that students who manage distractions effectively report greater academic performance and satisfaction (Macan et al., 1990).","Identify common distractors like hunger, exhaustion, and digital devices.; Use 'Do Not Disturb' mode on phones and laptops during study sessions.; Choose quiet study spaces and use noise-canceling tools if needed.",diagnosis; medication; therapy instructions; guarantees,no
