question_id,system_type,response,retrieved_chunk_ids,response_time_seconds
G06_Q001,S0,"Weekly study plans can significantly improve your performance in developmental math courses by helping you stay organized, manage your time effectively, and build consistent study habits. Here’s how:

1. **Breaks Down Material** – Math builds on itself, so a weekly plan ensures you review and practice concepts regularly, preventing last-minute cramming.
2. **Reduces Overwhelm** – Smaller, focused study sessions make the material feel more manageable than trying to tackle everything at once.
3. **Tracks Progress** – You can identify weak areas early and adjust your study focus before exams or quizzes.
4. **Builds Confidence** – Regular practice reinforces understanding, making you more comfortable with problem-solving.

**Tip:** Include time for:
- Reviewing class notes
- Practicing problems (aim for at least 1–2 hours weekly)
- Seeking help (tutoring, office hours) if stuck

Would you like help creating a simple weekly template?",,9.0825
G06_Q001,S1,"Weekly study plans can significantly improve student performance in **developmental mathematics courses** by addressing both **cognitive** (learning and retention) and **affective** (motivation and habits) barriers. Below is a synthesis of how they work, based on the provided study material:

---

### **Key Ways Weekly Study Plans Improve Performance**

#### **1. Structured Learning and Consistency**
- **Daily review**: Study plans break material into **small, manageable daily tasks** (e.g., reviewing 5 problems daily), preventing procrastination and cramming.
- **Nonnegotiable scheduling**: Prioritizes tasks like homework or online videos, ensuring timely completion.
- **Accountability**: Submitting or reviewing the plan weekly keeps students on track and allows adjustments.

#### **2. Improved Retention and Mastery**
- **Distributive practice**: Regular engagement (e.g., revisiting past problems) strengthens long-term memory, unlike cramming (Dunlosky, 2013).
- **Reinforcement of foundational concepts**: Daily review helps students retain earlier material, reducing struggles with new topics.
- **Confidence building**: Small, consistent wins (e.g., solving problems daily) boost confidence in tackling complex concepts.

#### **3. Addressing Common Challenges**
- **Poor high school preparation**: Study plans provide a **structured framework** to catch up on gaps.
- **Time management issues**: Breaking tasks into daily chunks prevents overwhelm and procrastination.
- **Organizational skills**: Plans help students prioritize responsibilities and allocate time effectively.

#### **4. Evidence from Research**
- **Diehl and Bobak’s study**: Students using study plans earned **higher average grades** on exams and overall course performance compared to a control group.
- **Reduced cognitive load**: By spreading out practice, students avoid last-minute stress and perform better under pressure.

---

### **Practical Example of a Study Plan**
1. **Daily tasks**:
   - Review 5 problems from recent sections (or challenging topics).
   - Complete assigned homework.
2. **Weekly tasks**:
   - Review 5 problems from earlier sections (e.g., algebra basics).
   - Submit the plan for feedback.
3. **Flexibility**:
   - Adjust based on upcoming quizzes/exams or personal struggles.

---
**In summary**: Weekly study plans transform math learning from a **reactive** (cramming) to a **proactive** (consistent) process, directly improving grades, retention, and confidence.","G06_C001,G06_C006,G06_C008,G06_C007,G06_C004",45.0656
G06_Q001,S2,"Weekly study plans can improve student performance in developmental mathematics courses by:

- **Promoting consistent study habits** through structured daily review, which reinforces learning and improves retention of foundational concepts.
- **Reducing cramming** by breaking study tasks into manageable daily activities, helping students master complex material over time.
- **Addressing common challenges** like poor high school preparation, time management issues, and procrastination by providing a clear, prioritized schedule.

Research by Diehl and Bobak found that students using weekly study plans earned higher average grades on exams and overall course grades compared to a control group. The plans also helped students retain key concepts better, making it easier to tackle new material.

For example, a weekly plan might include:
- Scheduling nonnegotiable tasks (e.g., homework or videos).
- Reviewing five practice problems daily from upcoming or challenging sections.
- Engaging with math daily, even on weekends, to reinforce learning.

This approach supports long-term retention and builds confidence in math courses.","G06_C001,G06_C006,G06_C008,G06_C007,G06_C004",43.7339
G06_Q002,S0,"Time management is crucial in developmental math courses because these classes often move quickly, cover foundational concepts, and require consistent practice. Falling behind—even briefly—can make it hard to catch up, since math builds on previous topics. Poor time management can lead to cramming, which increases stress and lowers retention, while good time management helps you stay on top of assignments, practice regularly, and seek help early. In short, managing your time well keeps you engaged, reduces anxiety, and improves your chances of mastering the material.",,1.3312
G06_Q002,S1,"**Why time management is critical for student success — especially in developmental math**

Time management is a **foundational skill** that directly impacts academic performance, learning retention, and long-term success. In **developmental math courses**, where students often struggle with foundational concepts and inconsistent prior preparation, effective time management becomes even more essential. Here’s why:

---

### 🔑 **Core Reasons Time Management Matters in Developmental Math**

- **Addresses unpreparedness and workload shock**
  Many students enter college with gaps in math knowledge and underdeveloped organizational skills. Without time management, they become overwhelmed by the increased academic demands and fail to allocate sufficient time for practice — a critical component of math learning.

- **Prevents procrastination and cramming**
  Research by **Meer, Jansen, and Torenbeek (2010)** found that students often *recognize* they need more study time but don’t create **actionable plans**, leading to last-minute cramming. This approach is **ineffective for long-term retention**, especially in math, where concepts build upon each other.

- **Supports consistent practice and concept retention**
  Developmental math relies on **repetition and daily engagement**. Students who use **weekly study plans** review material regularly, reinforcing learning and improving retention of foundational concepts — a key factor in mastering complex topics over time.

- **Improves academic performance across disciplines**
  While particularly vital in math, strong time management is linked to better performance in **Selecting Main Ideas, Using Academic Resources, and Test Strategies** — skills that apply across scientific and literary fields.

---

### 📊 **Evidence from Research: The Impact of Study Plans**

- **Diehl and Bobak’s study** found that students using **weekly study plans**:
  - Earned **higher average grades** on all exams and overall course grades.
  - Showed **better retention** of foundational concepts.
  - Developed **consistent study habits**, reducing reliance on cramming.
  - Were better prepared to tackle new material without falling behind.

- These plans work by:
  - Breaking study tasks into **manageable daily activities** (e.g., reviewing five problems daily).
  - Encouraging **structured review**, which strengthens neural pathways in math learning.
  - Helping students **prioritize responsibilities** and build confidence through steady progress.

---

### 🧠 Bottom Line

In developmental math — where gaps in prior knowledge and abstract concepts demand **consistent, deliberate practice** — time management isn’t just helpful; it’s **critical**. Without it, students risk falling into cycles of procrastination and rushed learning, which undermine both short-term grades and long-term mastery.

> ✅ **Effective time management transforms reactive studying into proactive learning — turning math from a source of stress into a skill that can be mastered through steady, structured effort.**","G06_C002,G06_C018,G06_C001,G06_C008,G06_C006",6.7205
G06_Q002,S2,"Time management is critical in student success—especially in developmental math—because it helps students balance workloads, prioritize tasks, and avoid last-minute cramming, which is ineffective for long-term retention. Research shows that students who plan their study time consistently perform better, particularly in math, where foundational concepts require regular practice. For example, studies found that students using **weekly study plans** earned higher grades and retained material more effectively than those who didn’t. These plans break tasks into manageable daily activities (like reviewing a few problems daily), reducing procrastination and building confidence over time.","G06_C002,G06_C018,G06_C001,G06_C008,G06_C006",2.556
G06_Q003,S0,"Short-term planning and goal-setting are key tools to beat procrastination because they turn vague intentions into clear, manageable steps. When you break big tasks into smaller, specific goals—like “read 10 pages” instead of “study”—it feels less overwhelming and easier to start. Setting short-term deadlines creates urgency and helps you focus, reducing the temptation to delay. It also gives you quick wins, which build momentum and motivation. In short: plan small, act now, and keep moving forward.",,1.9889
G06_Q003,S1,"**Short-term planning and goal-setting** play a key role in overcoming procrastination by making overwhelming tasks feel manageable and structured. Here’s how they help:

- **Breaking down tasks**: Instead of focusing on long-term objectives, short-term planning divides work into smaller, actionable steps (e.g., reviewing five homework problems daily). This reduces the feeling of being daunted by large tasks.
- **Prioritization**: Setting daily or weekly goals helps students focus on immediate responsibilities, making it easier to prioritize what needs to be done first.
- **Motivation and confidence**: Clear, achievable goals create a sense of progress, which boosts motivation and reduces anxiety. Students feel more in control of their workload.
- **Reducing procrastination**: Actionable to-do lists and structured routines discourage last-minute cramming, which is ineffective for long-term retention (especially in math).

**Research support**:
- A study by *Nasrullah and Khan (2015)* found a positive correlation between short-term planning and student grades, as it helps students stay organized and focused.
- Study plans reinforce daily review, which improves retention and builds consistent study habits, further reducing procrastination tendencies.","G06_C003,G06_C002,G06_C008,G06_C020,G06_C026",2.7799
G06_Q003,S2,"Short-term planning and goal-setting help overcome procrastination by breaking overwhelming tasks into smaller, manageable steps. Setting daily or weekly goals lets you focus on immediate tasks instead of feeling daunted by long-term objectives. Creating actionable to-do lists and study plans with specific activities (like reviewing five problems daily) provides a clear roadmap, reduces anxiety, and increases motivation by making tasks feel achievable and structured.","G06_C003,G06_C002,G06_C008,G06_C020,G06_C026",1.4487
G06_Q004,S0,"Weekly study plans help with poor retention in developmental math by breaking material into smaller, manageable chunks and spreading practice over time. This spaced repetition strengthens memory compared to cramming. Regular review sessions reinforce past topics while introducing new ones, preventing forgetting. Setting clear goals and deadlines also builds accountability, ensuring consistent effort.",,3.198
G06_Q004,S1,"Weekly study plans address poor retention in developmental mathematics through **structured daily engagement** and **distributive practice**, which are critical for reinforcing learning and preventing forgetting. Here’s how they work:

---

### **Key Strategies for Improving Retention**
1. **Daily Review of Foundational Concepts**
   - Students are encouraged to **review five homework problems from previous sections daily**, even if no assessments are scheduled.
   - This aligns with **distributive practice** (Dunlosky, 2013), which is more effective for long-term retention than cramming.
   - Example: If struggling with fractions, a student might revisit problems from earlier units to strengthen weak areas.

2. **Consistent Engagement with Material**
   - Study plans **prioritize daily math practice**, including weekends, to reinforce learning continuously.
   - This prevents the ""forgetting curve"" by spacing out review sessions over time.

3. **Structured Accountability**
   - Students **submit or review their plans weekly**, ensuring they stay on track and adjust as needed.
   - Nonnegotiable tasks (e.g., homework, online videos) are scheduled to maintain consistency.

4. **Reduction of Procrastination**
   - Breaking study tasks into **small, manageable daily activities** (e.g., five problems/day) reduces overwhelm and procrastination.
   - This is especially helpful for students with poor time management or organizational skills.

5. **Focus on Weak Areas**
   - If no assessments are scheduled, students **select problems from challenging sections** to address gaps in understanding.
   - This targeted review ensures foundational concepts are solidified before new material is introduced.

---

### **Evidence of Effectiveness**
- In **Diehl and Bobak’s study**, students using weekly study plans:
  - Earned **higher average grades** on exams and overall course performance compared to a control group.
  - Retained foundational concepts better, reducing struggles with new material.
  - Developed **consistent study habits**, which are critical for success in math.

---
### **Why This Works for Developmental Math**
Developmental math students often face:
- **Poor high school preparation** → Daily review fills knowledge gaps.
- **Lack of time management** → Structured plans create routine.
- **Difficulty retaining concepts** → Distributive practice strengthens memory.

By addressing these challenges, study plans **improve retention** and prepare students for more advanced topics.","G06_C004,G06_C001,G06_C006,G06_C007,G06_C008",4.0037
G06_Q004,S2,"Weekly study plans address poor retention in developmental mathematics by encouraging **daily engagement** with course material, which reinforces learning and prevents forgetting. They help students:

- **Practice consistently** by reviewing foundational concepts regularly (e.g., selecting five homework problems from previous sections daily).
- **Avoid cramming** through structured, spaced repetition, which improves long-term retention.
- **Strengthen understanding** by reinforcing foundational concepts, making it easier to learn new material.
- **Develop habits** that reduce procrastination and improve performance in math courses.

Research (e.g., Diehl & Bobak) shows students using weekly study plans earn higher grades and retain concepts better than those who don’t.","G06_C004,G06_C001,G06_C006,G06_C007,G06_C008",2.1541
G06_Q005,S0,"Diehl and Bobak’s research on weekly study plans focused on structured, self-regulated learning activities. These typically included:

1. **Goal Setting** – Defining clear, measurable weekly objectives (e.g., ""Complete 5 practice problems by Friday"").
2. **Time Blocking** – Allocating specific time slots for studying (e.g., 9–11 AM daily for math).
3. **Active Recall & Spaced Repetition** – Using techniques like flashcards or self-quizzing to reinforce material.
4. **Progress Tracking** – Monitoring completion of tasks (e.g., checklists or apps like Notion or Google Sheets).
5. **Review Sessions** – Dedicated time for reviewing past material (e.g., Sundays for weekly recap).
6. **Breaks & Self-Care** – Including short breaks (Pomodoro method) and stress-management activities.

The plans emphasized consistency, accountability, and adaptability based on individual progress. For exact details, refer to their published study methods.",,2.5326
G06_Q005,S1,"Here are the **specific activities** included in the weekly study plans from Diehl and Bobak’s research:

- **Nonnegotiable tasks**:
  - Homework assignments
  - Online videos (e.g., instructional or supplementary videos)

- **Review activities**:
  - **Daily review**: Selecting **five homework problems** from:
    - Relevant sections for upcoming quizzes/exams.
    - Sections the student struggled with or had not reviewed recently (if no assessments were scheduled).

- **General structure**:
  - **Weekdays (2 activities/day)**: Combination of nonnegotiable tasks and review.
  - **Weekend days (1 activity/day)**: Focused on review or reinforcement of challenging material.

These activities were designed to:
- **Reinforce current learning** (e.g., homework, videos).
- **Revisit foundational concepts** (e.g., daily problem selection).
- **Prepare for assessments** (e.g., targeted practice problems).","G06_C005,G06_C006,G06_C033,G06_C004,G06_C001",10.6142
G06_Q005,S2,"The weekly study plans in Diehl and Bobak’s research included the following specific activities:

- **Daily math engagement**: Students planned two learning activities each weekday and one activity each weekend day.
- **Nonnegotiable tasks**: These included homework assignments or watching online videos.
- **Review activities**: Students selected five homework problems from relevant sections to practice.
- **Targeted review**: If no assessments were scheduled, they chose five problems from sections they struggled with or had not reviewed recently.

These activities were designed to reinforce current learning, revisit challenging material, and prepare for assessments in a structured way.","G06_C005,G06_C006,G06_C033,G06_C004,G06_C001",1.5635
G06_Q006,S0,"Diehl and Bobak’s study found that students who created and followed weekly study plans showed:

1. **Better time management** – Plans helped students allocate time more effectively.
2. **Higher consistency** – Regular study sessions improved retention and reduced cramming.
3. **Lower stress** – Structured plans reduced last-minute panic before exams.
4. **Improved grades** – Students with plans performed better academically.

The key takeaway: **Planning ahead boosts both productivity and performance.**",,1.4402
G06_Q006,S1,"### Key Findings of Diehl and Bobak’s Study on Weekly Study Plans

Diehl and Bobak’s research demonstrated that **weekly study plans significantly improved student performance** in developmental mathematics courses. Below are the core findings:

- **Higher Academic Performance**:
  - Students who used **weekly study plans** earned **higher average grades** on all exams and overall course grades compared to a control group.

- **Improved Retention and Reduced Cramming**:
  - The study highlighted that **daily review** through structured study plans helped students **retain foundational concepts better**.
  - This reduced the tendency to cram before exams, leading to more consistent and effective learning.

- **Development of Consistent Study Habits**:
  - The **structured nature** of study plans fostered **regular study routines**, which are critical for success in math.
  - Students were better able to **reinforce current learning** and revisit challenging material systematically.

- **Cognitive and Affective Benefits**:
  - Study plans addressed both **cognitive barriers** (e.g., forgetting material) and **affective barriers** (e.g., stress, anxiety) by providing a clear roadmap for learning.
  - Students reported **lower stress levels** and greater confidence in managing their workload.

- **Flexibility and Adaptability**:
  - While structured, the plans were designed to be **flexible**, allowing students to adapt to changing needs and priorities without losing focus on key tasks.

In summary, Diehl and Bobak’s study concluded that **weekly study plans are an effective tool** for improving academic outcomes, fostering long-term retention, and reducing stress in developmental math courses.","G06_C005,G06_C006,G06_C033,G06_C020,G06_C001",2.6254
G06_Q006,S2,"The key findings of Diehl and Bobak’s study on weekly study plans include:

- Students who used weekly study plans earned higher average grades on all exams and overall course grades compared to a control group.
- Weekly study plans significantly improved performance in developmental mathematics courses.
- Students who engaged in daily review through study plans retained foundational concepts better, reducing struggles with new material.
- The structured nature of study plans helped students develop consistent study habits, which are critical for success in math.","G06_C005,G06_C006,G06_C033,G06_C020,G06_C001",1.4397
G06_Q007,S0,"Here’s a practical way to create an effective weekly study plan for math:

1. **Break it down**: Split your math topics into smaller chunks (e.g., one chapter or concept per day).
2. **Set goals**: Focus on understanding, not just memorizing. Aim for 1–2 key objectives per session.
3. **Schedule smartly**: Dedicate 45–60 minutes daily (shorter bursts for tough topics). Include breaks (e.g., 5–10 mins every 25 mins).
4. **Mix it up**: Alternate between theory, practice problems, and past exams to reinforce learning.
5. **Review & adjust**: Spend 10–15 mins at the end of the week reviewing weak areas and tweaking the plan.

**Example**:
- **Mon**: Algebra basics (1 hour) + 5 problems
- **Tue**: Geometry proofs (45 mins) + 3 exercises
- **Wed**: Practice exam (1 hour)
- **Thu**: Review mistakes + new topic
- **Fri**: Light review or group study

Stick to consistency—math builds on daily practice!",,3.6933
G06_Q007,S1,"Here’s a synthesis of the key steps to create an **effective weekly study plan for mathematics**, based on the provided sources:

---

### **Steps to Create an Effective Weekly Study Plan for Math**
1. **Start with Nonnegotiable Tasks**
   - Schedule fixed commitments first (e.g., classes, homework assignments, required online videos).
   - Example: Block time for assigned math problems or lecture videos.

2. **Prioritize Upcoming Assessments**
   - If quizzes/exams are scheduled:
     - Select **5 practice problems** from relevant sections to review **daily**.
   - If no assessments are near:
     - Choose **5 problems** from challenging or recently reviewed sections.

3. **Daily Engagement (Including Weekends)**
   - Aim for **consistent practice** (e.g., 2 weekday activities + 1 weekend activity).
   - Activities could include:
     - Reviewing notes.
     - Solving problems.
     - Watching instructional videos.

4. **Structure Your Time**
   - Use a **planner or digital calendar** to:
     - List days of the week and fixed commitments (e.g., classes, extracurriculars).
     - Allocate **time blocks** for studying (include breaks).
     - Adjust tasks daily as needed.

5. **Track Progress and Stay Accountable**
   - **Cross off completed tasks** to visualize progress.
   - **Review and adjust** your plan at the start of each week.

6. **Focus on Foundational Review**
   - Reinforce weak areas by revisiting past topics regularly.
   - Avoid cramming by spacing out practice sessions.

---

### **Why This Works**
- **Improves retention**: Daily review strengthens memory and reduces last-minute stress.
- **Builds consistency**: Structured habits help master complex concepts over time.
- **Reduces procrastination**: Breaking tasks into small steps makes them manageable.

**Key Takeaway**: A well-structured plan balances **fixed commitments**, **targeted practice**, and **flexibility** to adapt to challenges.

---","G06_C007,G06_C001,G06_C008,G06_C049,G06_C005",3.6841
G06_Q007,S2,"Here’s a practical way to create an effective weekly study plan for mathematics, based on evidence-backed strategies:

1. **Start with fixed commitments**: List your classes, extracurriculars, and other non-negotiable tasks in a planner or digital calendar.
2. **Schedule daily math practice**: Aim for at least 2 focused math activities on weekdays and 1 on weekends. Include:
   - Required assignments or videos.
   - Review of 5 practice problems (from upcoming assessments or challenging topics).
3. **Prioritize consistency**: Engage with math daily to reinforce learning and reduce procrastination.
4. **Review and adjust**: Check your plan at the start of each week, cross off completed tasks, and adapt as needed for flexibility.

This approach helps build structured habits, improves retention, and prepares you for exams without last-minute cramming. For additional support, consider sharing your plan with a tutor or study group to stay accountable.

*(Source: Diehl and Bobak’s research on weekly study plans in developmental mathematics.)*","G06_C007,G06_C001,G06_C008,G06_C049,G06_C005",2.3453
G06_Q008,S0,"**Common Challenges in Developmental Math:**
1. **Gaps in Foundational Skills** – Weaknesses in basic arithmetic, fractions, or algebra can make advanced topics harder.
2. **Math Anxiety** – Fear of failure or past struggles can hinder focus and confidence.
3. **Time Management** – Balancing math practice with other courses/work can be tough.
4. **Misunderstanding Concepts** – Rushing through material without mastering basics leads to confusion later.
5. **Lack of Practice** – Math requires repetition; skipping exercises weakens retention.

**How Study Plans Help:**
- **Structured Review** – Break topics into manageable chunks (e.g., 30 mins/day on fractions before moving to algebra).
- **Active Practice** – Include problem-solving sessions with immediate feedback (e.g., textbook exercises or online tools).
- **Anxiety Reduction** – Schedule regular, low-pressure sessions to build familiarity and confidence.
- **Goal Setting** – Set weekly targets (e.g., ""Master 5 practice problems on linear equations"") to track progress.
- **Resource Use** – Pair plans with tutoring, videos (Khan Academy), or flashcards for tricky concepts.

**Tip:** Start with 1–2 hours weekly, adjust based on progress, and prioritize weak areas. Consistency beats cramming!",,2.4486
G06_Q008,S1,"### Challenges Faced by Students in Developmental Mathematics Courses

Students in developmental mathematics courses often encounter several key challenges:

- **Poor High School Preparation**: Many students enter college with gaps in foundational math skills, making it difficult to keep up with coursework.
- **Lack of Time Management Skills**: Difficulty organizing study time leads to procrastination and last-minute cramming, which undermines learning.
- **Difficulty Retaining Foundational Concepts**: Struggles with retaining earlier material make it hard to grasp new, more complex topics.
- **Procrastination and Cramming**: The tendency to delay studying until exams results in shallow understanding and poor performance.
- **Organizational Challenges**: Many students are unprepared for the workload and lack systems to prioritize and manage their study tasks.

---

### How Study Plans Help Address These Challenges

Study plans provide structured support to overcome these barriers:

- **Structured Daily Review**: By scheduling regular review sessions (e.g., practicing five homework problems daily), students reinforce learning and improve retention of foundational concepts.
- **Breaking Down Tasks**: Study plans break study tasks into manageable daily activities, reducing overwhelm and making complex material more approachable.
- **Promoting Consistent Study Habits**: The structured nature of study plans helps students develop regular study routines, reducing procrastination and cramming.
- **Prioritizing Responsibilities**: Study plans encourage students to schedule nonnegotiable tasks (e.g., homework) and review activities, ensuring balanced and effective use of time.
- **Preparing for Assessments**: For quizzes or exams, study plans guide students to focus on relevant sections, reinforcing current learning and revisiting challenging material.
- **Long-Term Retention**: Daily engagement with material through distributive practice (as recommended by Dunlosky, 2013) strengthens understanding and prevents forgetting.

In summary, study plans address both cognitive barriers (e.g., retention, understanding) and affective barriers (e.g., procrastination, time management) by providing structure, consistency, and a clear path to mastering mathematical concepts.","G06_C006,G06_C001,G06_C008,G06_C004,G06_C005",3.4859
G06_Q008,S2,"Students in developmental mathematics courses often face challenges such as poor high school preparation, lack of time management skills, and difficulty retaining foundational concepts. Many enter college unprepared for the workload, struggle with organizational skills, and tend to procrastinate or cram before exams.

Study plans can help by providing a structured approach to daily review. Breaking study tasks into manageable activities—like reviewing five problems daily—reinforces learning, improves retention, and builds consistent study habits. This reduces procrastination and helps students master complex concepts over time rather than relying on last-minute studying.","G06_C006,G06_C001,G06_C008,G06_C004,G06_C005",1.4186
G06_Q009,S0,"**Learning and study strategies** are techniques and methods students use to understand, remember, and apply information effectively. They include:

- **Active learning** (e.g., summarizing, self-quizzing)
- **Time management** (e.g., schedules, prioritization)
- **Note-taking** (e.g., Cornell method, mind maps)
- **Memory techniques** (e.g., spaced repetition, mnemonics)
- **Test-taking strategies** (e.g., practice questions, reviewing mistakes)

**Why they matter:**
- Improve **retention** and **understanding** of material.
- Boost **efficiency** (less wasted time, more effective study).
- Reduce **stress** by making learning more manageable.
- Help adapt to different subjects and learning styles.

Think of them as tools to work *smarter*, not harder! Would you like tips on a specific strategy?",,1.8482
G06_Q009,S1,"### **Learning and Study Strategies: Definition and Importance**

**Learning and study strategies** are **behaviors, actions, attitudes, or ways of thinking** that help students:
- **Encode** (process and understand) new information.
- **Integrate** new knowledge with prior learning.
- **Retrieve** information when needed.

These strategies enable students to become **self-reliant, independent learners** who can:
- Monitor their own progress.
- Choose appropriate strategies for different tasks.
- Take responsibility for their success.

---

### **Why Are They Important?**
1. **Improved Academic Achievement**
   - High-achieving students consistently use strategies like **motivation, self-testing, test strategies, and effective use of academic resources**.
   - Research shows statistically significant differences in **attitudes, concentration, information processing, and motivation** between high- and low-achieving students.

2. **Enhanced Self-Confidence & Motivation**
   - Students who apply these strategies report **greater confidence** in their learning abilities.
   - They develop **resilience** by managing challenges like anxiety and procrastination.

3. **Better Time & Resource Management**
   - Strategies like **time management** and **selecting main ideas** help students prioritize tasks and avoid last-minute cramming.
   - Structured study plans (e.g., daily problem reviews) improve **retention** and **organization**.

4. **Long-Term Learning Success**
   - These strategies foster **independent learning**, which is crucial for university and beyond.
   - They help students **retain foundational knowledge**, especially in challenging subjects like developmental math.

---
### **Key Takeaway**
Learning and study strategies are **essential tools** that transform students from passive learners into **active, strategic, and successful** individuals. By mastering them, students can **optimize their performance, reduce stress, and achieve sustainable academic growth**.","G06_C009,G06_C014,G06_C010,G06_C012,G06_C008",3.2459
G06_Q009,S2,"**Learning and study strategies** are behaviors, actions, attitudes, or ways of thinking that help students effectively encode, integrate, and retrieve new information. They combine new knowledge with prior learning, enabling students to access information when needed. These strategies are important because they empower students to become **self-reliant, independent learners** who can monitor their progress, choose appropriate methods for different tasks, and take responsibility for their success.

By adopting these strategies, students enhance their **self-confidence, motivation, and ability to manage time and resources**, which leads to improved academic achievement and long-term learning success. Research shows that high-achieving students consistently use strategies like **motivation, self-testing, test strategies, and effective use of academic resources** more than lower-achieving students. These strategies also help students **process information more effectively, manage anxiety, and stay focused**, directly contributing to better academic outcomes.","G06_C009,G06_C014,G06_C010,G06_C012,G06_C008",1.826
G06_Q010,S0,"Learning and study strategies significantly impact academic achievement among undergraduate students. Effective strategies like active learning, spaced repetition, and self-testing improve retention and understanding, while poor strategies (e.g., cramming) often lead to lower performance. Time management, goal-setting, and metacognition (thinking about learning) also play key roles. Students who adapt strategies to their course demands tend to perform better. Would you like tips on improving your study methods?",,5.5282
G06_Q010,S1,"### **Impact of Learning and Study Strategies on Academic Achievement**

Learning and study strategies significantly enhance academic achievement among undergraduate students. Research shows that **high-achieving students** consistently outperform their peers by employing effective strategies such as:

- **Motivation** – Drives goal-setting, persistence, and deep engagement with learning materials.
- **Self-testing** – Improves retention and recall of information.
- **Test strategies** – Enhances exam performance through structured preparation.
- **Effective use of academic resources** – Maximizes learning from available materials (e.g., textbooks, online databases).
- **Attitudes** – Positive learning attitudes foster resilience and adaptability.
- **Concentration** – Reduces distractions and improves focus.
- **Information processing** – Helps integrate new knowledge with prior learning.
- **Anxiety management** – Lowers stress, improving cognitive performance.
- **Time management** – Ensures efficient allocation of study time.

#### **Key Findings from the Study**
- High-achieving students **consistently use these strategies** more than low-achieving students.
- **Motivation** is particularly critical, with graduates showing higher motivation levels.
- The **LASSI-3 inventory** confirms that these strategies are measurable and linked to academic success.
- **Self-regulated learning** (monitoring progress, adjusting strategies) is a major predictor of performance.

#### **Why These Strategies Work**
By adopting these methods, students:
✔ Become **self-reliant learners** who take ownership of their education.
✔ Improve **information retention** through active processing.
✔ Reduce **anxiety** and **distractions**, leading to better focus.
✔ Develop **long-term learning habits** that extend beyond exams.

**Conclusion:** Mastering learning and study strategies is **essential** for academic success in university settings. Institutions should integrate these strategies into curricula and train faculty, counselors, and parents to support students effectively.","G06_C010,G06_C009,G06_C017,G06_C012,G06_C014",6.3003
G06_Q010,S2,"Based on the retrieved research, learning and study strategies significantly boost academic achievement among undergraduate students. High-achieving students consistently use strategies like motivation, self-testing, test strategies, and effective use of academic resources more than their lower-achieving peers. These strategies help process information efficiently, manage anxiety, and maintain focus—directly improving academic outcomes.

The research also highlights that motivation is a key driver of success, with motivated students more likely to set goals, persist, and engage deeply with learning materials. The study used the LASSI-3 assessment to show that dimensions like attitudes, concentration, information processing, and time management strongly correlate with higher performance.

For students looking to improve, the study recommends focusing on self-regulation skills, seeking support from trained faculty or counselors, and integrating these strategies into their learning routines.","G06_C010,G06_C009,G06_C017,G06_C012,G06_C014",6.0057
G06_Q011,S0,"Self-regulation is a key part of effective learning because it helps you manage your time, focus, and effort. It involves setting goals, monitoring your progress, and adjusting your strategies when needed. For example, if you’re studying for an exam, self-regulation helps you plan your study sessions, avoid distractions, and stay motivated. Strong self-regulation leads to better retention of material and improved academic performance.",,1.0633
G06_Q011,S1,"Self-regulation is a **foundational pillar** of effective learning and study strategies, acting as the mechanism that enables students to take **active control** over their academic journey. Below is a synthesis of its key roles based on the provided study material:

---

### **Core Functions of Self-Regulation in Learning**
1. **Monitoring and Managing Learning Processes**
   - Students **track their progress**, identify gaps in understanding, and adjust strategies in real time.
   - Example: Recognizing when a study method (e.g., rereading notes) isn’t working and switching to active recall or self-testing.

2. **Goal Setting and Time Management**
   - High-achieving students **set clear, achievable goals** (e.g., ""complete 3 practice problems by Friday"") and allocate time efficiently.
   - Low-achieving students often struggle here, leading to procrastination or last-minute cramming.

3. **Adapting Strategies Based on Feedback**
   - Self-regulation involves **evaluating outcomes** (e.g., exam scores, quiz results) and refining approaches.
   - Example: After a poor test performance, a student might switch from passive highlighting to spaced repetition or peer teaching.

4. **Emotional and Cognitive Control**
   - **Reduces anxiety** by providing structure and predictability.
   - **Boosts confidence** through mastery of techniques (e.g., Pomodoro for focus, SMART goals for motivation).
   - Helps students **stay focused** despite distractions (e.g., turning off phone notifications during study sessions).

5. **Resource Utilization**
   - Encourages proactive use of **academic resources** (libraries, tutors, online tools) rather than relying solely on basic strategies (e.g., rereading).

---

### **Why It Matters: Evidence from the Study**
- **Academic Achievement**: High-achieving students **consistently outperform** low-achieving peers in dimensions like:
  - **Motivation** (e.g., setting intrinsic goals).
  - **Concentration** (e.g., minimizing multitasking).
  - **Information Processing** (e.g., summarizing, mind mapping).
  - **Self-Testing** (e.g., practice quizzes, flashcards).
  - **Test Strategies** (e.g., time management during exams).
- **Long-Term Success**: Self-regulation fosters **independence**, reducing reliance on external guidance (e.g., teachers reminding students of deadlines).

---
### **Practical Takeaways**
- **For Students**:
  - Track your study habits (e.g., use a journal or app like Notion/Forest).
  - Break tasks into smaller steps with deadlines.
  - Reflect weekly: *What worked? What didn’t? How will I adjust?*
- **For Educators/Parents**:
  - Teach self-regulation explicitly (e.g., workshops on goal-setting).
  - Model strategies (e.g., share your own study routines).
  - Integrate self-assessment tools (e.g., rubrics for self-evaluation).

---
**Key Quote from the Study**:
> *""Self-regulation enables students to become proactive and strategic learners who can take responsibility for their academic success.""*","G06_C011,G06_C014,G06_C009,G06_C010,G06_C013",4.1238
G06_Q011,S2,"Self-regulation is a key foundation of effective learning and study strategies. It helps students monitor their own learning, manage time, set goals, and adjust their approach based on feedback. Strong self-regulation supports motivation, focus, and confidence—all of which contribute to better academic outcomes. High-achieving students often demonstrate stronger self-regulation skills, such as time management and resource use, which help them become more independent and strategic learners.","G06_C011,G06_C014,G06_C009,G06_C010,G06_C013",1.5537
G06_Q012,S0,"The **Learning and Study Strategies Inventory (LASSI-3)** assesses students' learning and study strategies across **10 key dimensions**. These are:

1. **Attitude** – Motivation and positive attitude toward studying.
2. **Motivation** – Drive and willingness to succeed academically.
3. **Time Management** – Planning and using time effectively.
4. **Anxiety** – Stress and worry related to academic performance.
5. **Concentration** – Ability to focus without distraction.
6. **Information Processing** – Using strategies to understand and remember material.
7. **Selecting Main Ideas** – Identifying key points in learning material.
8. **Study Aids** – Using tools like notes, outlines, or mnemonics.
9. **Self-Testing** – Assessing one’s own understanding.
10. **Test Strategies** – Approaches to taking exams effectively.

These dimensions help identify strengths and areas for improvement in study habits. Would you like help interpreting any of them?",,1.7282
G06_Q012,S1,"The **Learning and Study Strategies Inventory (LASSI-3)** assesses **10 key dimensions** of learning and study strategies, which are critical for academic success. These dimensions evaluate specific aspects of a student's approach to learning, such as focus, information processing, time management, and resource utilization.

### **Key Dimensions of LASSI-3**
1. **Attitudes** – The student's mindset and beliefs about learning and academic success.
2. **Concentration** – The ability to focus on tasks and avoid distractions.
3. **Information Processing** – How effectively students encode, integrate, and retrieve new information.
4. **Motivation** – The drive and persistence to engage in learning activities.
5. **Self-Testing** – The practice of reviewing and testing oneself to reinforce learning.
6. **Test Strategies** – Techniques for preparing for and taking exams effectively.
7. **Using Academic Resources** – The ability to seek and utilize available academic support (e.g., libraries, tutoring).
8. **Anxiety** – The level of stress and worry related to academic performance.
9. **Selecting Main Ideas** – The skill of identifying and focusing on key concepts in study material.
10. **Time Management** – The ability to plan, prioritize, and allocate time efficiently for studying.","G06_C012,G06_C016,G06_C009,G06_C014,G06_C015",2.2299
G06_Q012,S2,"The key dimensions of the Learning and Study Strategies Inventory (LASSI-3) used in the study are:

- Attitudes
- Concentration
- Information Processing
- Motivation
- Self-Testing
- Test Strategies
- Using Academic Resources
- Anxiety
- Selecting Main Ideas
- Time Management","G06_C012,G06_C016,G06_C009,G06_C014,G06_C015",1.6686
G06_Q013,S0,"Great question! Research shows that high-achieving and low-achieving students often use different learning and study strategies. Here’s a quick breakdown:

### **High-Achievers:**
1. **Active Learning:** They engage deeply with material (e.g., self-quizzing, explaining concepts aloud).
2. **Spaced Repetition:** They spread out study sessions over time rather than cramming.
3. **Metacognition:** They plan, monitor, and adjust their learning strategies based on progress.
4. **Elaborative Interrogation:** They ask ""why?"" and connect new info to prior knowledge.
5. **Practice Testing:** They use past exams or flashcards to reinforce memory.

### **Low-Achievers:**
1. **Passive Review:** They reread notes or highlight without deeper processing.
2. **Massed Practice (Cramming):** They study intensively right before tests.
3. **Superficial Strategies:** They rely on memorization without understanding.
4. **Avoidance:** They procrastinate or give up when material is tough.
5. **Lack of Planning:** They don’t adjust study methods based on what works.

**Key Takeaway:** High-achievers focus on *understanding* and *active recall*, while low-achievers often stick to passive methods. Small tweaks (like self-testing) can make a big difference!

Would you like tips to shift from passive to active strategies?",,2.0358
G06_Q013,S1,"Here’s a synthesis of how **learning and study strategies** differ between high-achieving and low-achieving students, based on the provided study material:

---

### **Key Differences in Strategies**

#### **1. Proactive vs. Reactive Learning**
- **High-achieving students**:
  - **Self-regulated learning**: Actively set goals, monitor progress, and adjust strategies.
  - **Goal-oriented**: Plan and prioritize tasks effectively.
  - **Independent**: Take responsibility for their learning and seek resources proactively.

- **Low-achieving students**:
  - **Passive reliance**: Often use basic or surface-level strategies (e.g., rote memorization).
  - **Lack of planning**: Struggle with time management and self-regulation.
  - **Limited resource use**: Rarely seek out academic resources (e.g., tutoring, supplementary materials).

#### **2. Strategy Use**
| **Strategy**               | **High-Achieving Students**                          | **Low-Achieving Students**                     |
|----------------------------|------------------------------------------------------|-----------------------------------------------|
| **Attitudes**              | Positive, growth-oriented mindset; value learning.   | Negative or indifferent attitudes; avoid challenges. |
| **Concentration**          | Strong focus; minimize distractions.                 | Easily distracted; struggle to sustain attention. |
| **Information Processing** | Deep processing: connect new info to prior knowledge. | Surface processing: memorize without understanding. |
| **Motivation**             | High intrinsic motivation; driven by goals.          | Low motivation; extrinsic (e.g., grades) only. |
| **Self-Testing**           | Regularly test themselves to reinforce learning.     | Infrequent self-testing; overconfident in recall. |
| **Test Strategies**        | Apply effective test-taking techniques (e.g., time management during exams). | Use ineffective methods (e.g., cramming, guessing). |
| **Using Academic Resources** | Actively seek help (e.g., professors, libraries, peer groups). | Rarely utilize available resources. |
| **Anxiety**                | Manage anxiety better (e.g., through preparation).   | Higher anxiety; may hinder performance.       |
| **Time Management**        | Prioritize tasks; avoid procrastination.             | Poor time management; last-minute work.       |
| **Selecting Main Ideas**   | Identify key concepts efficiently.                   | Struggle to distinguish main ideas from details. |

---

### **Why These Differences Matter**
- **High achievers** integrate strategies into a **cohesive system** (e.g., combining motivation with test strategies and resource use).
- **Low achievers** often **fragment strategies**, leading to inefficiency (e.g., high motivation but poor time management).
- **LASSI-3 dimensions** (e.g., concentration, anxiety) show statistically significant gaps, with high achievers scoring higher in **self-regulation** and **adaptive learning behaviors**.

---
### **Takeaway**
The gap lies not just in *what* strategies are used, but in **how consistently and effectively** they’re applied. High achievers treat learning as a **skill to master**, while low achievers may lack awareness or support to develop these strategies.

Would you like a study plan to improve any of these areas?","G06_C013,G06_C010,G06_C009,G06_C014,G06_C012",5.7345
G06_Q013,S2,"Based on the retrieved corpus, here’s how learning and study strategies differ between high-achieving and low-achieving students:

**High-achieving students** tend to:
- Excel in **Attitudes, Concentration, Information Processing, Motivation, Self-Testing, Test Strategies, and Using Academic Resources**.
- Be more proactive in **goal-setting, managing learning, and integrating new information**.
- Use **effective time management, anxiety management, and focus strategies**.
- Consistently apply **self-regulation skills** and take responsibility for their learning.

**Low-achieving students** often struggle with:
- **Motivation, time management, and self-regulation**.
- Relying more on **basic strategies** like information processing and self-testing.
- Challenges in **staying focused, applying test-taking strategies, and utilizing resources effectively**.

The research highlights that **mastering these strategies is key to improving academic performance** in university settings.","G06_C013,G06_C010,G06_C009,G06_C014,G06_C012",1.9295
G06_Q014,S0,"Here are some practical recommendations to improve students' learning and study strategies:

1. **Active Learning** – Encourage techniques like self-quizzing, summarizing, and teaching concepts to others.
2. **Spaced Repetition** – Spread out study sessions over time rather than cramming.
3. **Pomodoro Technique** – Study in focused 25-minute blocks with short breaks.
4. **Goal Setting** – Break tasks into smaller, manageable goals.
5. **Metacognition** – Reflect on what study methods work best for different subjects.
6. **Healthy Habits** – Prioritize sleep, exercise, and balanced nutrition for better focus.
7. **Minimize Distractions** – Use apps or techniques to stay focused during study time.

Would you like help applying any of these to a specific subject?",,1.988
G06_Q014,S1,"Here are the key recommendations from the study to improve students' learning and study strategies:

### **Core Recommendations**
1. **Educate Students on Self-Regulation Skills**
   - Teach students the **importance of self-regulation** (e.g., planning, monitoring progress, adjusting strategies) to foster **independent and effective learning**.
   - Help students understand how to **monitor their own progress** and take responsibility for their success.

2. **Train Faculty, Counselors, and Parents**
   - Provide training to **educators, counselors, and parents** so they can **support students** in applying these strategies.
   - Ensure stakeholders understand how to **guide students** in using learning strategies effectively.

3. **Integrate Strategies into Educational Programs**
   - Embed **learning and study strategies** into **curricula and course designs** to promote a **culture of strategic learning**.
   - Encourage **consistent use** of these strategies across subjects and grade levels.

### **Why These Strategies Work**
- They help students **encode, integrate, and retrieve information** more effectively.
- They foster **self-reliance, motivation, and time management**—key skills for long-term academic success.
- They address **cognitive barriers** (e.g., retention issues) and **affective barriers** (e.g., procrastination) by promoting **structured, daily study habits**.

Would you like help creating a study plan based on these recommendations?","G06_C014,G06_C009,G06_C006,G06_C001,G06_C008",3.082
G06_Q014,S2,"The study recommends three key approaches to improve students' learning and study strategies:

1. **Educate students** about the importance of self-regulation skills to help them become more independent and effective learners.

2. **Train faculty, counselors, and parents** to understand and teach these strategies, ensuring they can support students in applying them during learning.

3. **Integrate learning and study strategies** into educational programs to foster a culture of strategic learning.

These strategies aim to help students develop skills for encoding, integrating, and retrieving information, while also building confidence, motivation, and time management abilities.","G06_C014,G06_C009,G06_C006,G06_C001,G06_C008",1.9706
G06_Q015,S0,"Yes, research suggests that gender can influence the use of learning and study strategies among undergraduate students, though the effects are often small and vary by context.

For example:
- **Female students** tend to use more **metacognitive strategies** (planning, monitoring, and evaluating learning) and **elaborative strategies** (connecting new information to prior knowledge).
- **Male students** may rely more on **memorization** or **rehearsal strategies**, though this isn’t universal.

These differences are influenced by socialization, motivation, and academic confidence. However, individual variation is often greater than gender differences, so personal study habits matter more than gender alone.

Would you like tips on adapting strategies to your own learning style?",,1.9225
G06_Q015,S1,"Based on the provided study material, **gender does not significantly influence the use of learning and study strategies among undergraduate students**.

Key findings:
- The study found **no statistically significant differences** in learning and study strategies based on gender.
- Both male and female students exhibit **similar patterns** in their approach to learning and study strategies.
- Other factors (e.g., achievement level, academic year, college type) showed significant variations, but gender did not emerge as a distinguishing factor.

This suggests that **targeted interventions** to improve learning and study strategies can be equally beneficial for all genders.","G06_C015,G06_C014,G06_C012,G06_C009,G06_C016",1.9135
G06_Q015,S2,"Based on the research, gender does not significantly influence the use of learning and study strategies among undergraduate students. The study found no statistically significant differences between male and female students in their approach to learning and study strategies. This suggests that both groups can benefit equally from targeted interventions aimed at improving these skills.","G06_C015,G06_C014,G06_C012,G06_C009,G06_C016",3.8462
